NodoA,NodoB
DIP-721N,DIP-721N
DIP-722N,DIP-722N
DIP-723N,DIP-723N
DIP-29550N,DIP-29549N
DIP-1159N,DIP-1159N
DIP-29504N,DIP-29506N
DIP-29769N,DIP-29769N
DIP-29047N,DIP-29892N
DIP-214N,DIP-177N
DIP-21869N,DIP-29656N
DIP-27859N,DIP-20922N
DIP-228N,DIP-255N
DIP-29175N,DIP-29175N
DIP-29021N,DIP-29041N
DIP-18752N,DIP-18752N
DIP-19N,DIP-19N
DIP-722N,DIP-751N
DIP-17087N,DIP-17087N
DIP-2663N,DIP-2663N
DIP-29551N,DIP-29548N
DIP-29418N,DIP-29421N
DIP-29512N,DIP-29510N
DIP-115N,DIP-115N
DIP-18696N,DIP-17921N
DIP-751N,DIP-627N
DIP-38N,DIP-24067N
DIP-18982N,DIP-29511N
DIP-29174N,DIP-29174N
DIP-121N,DIP-754N
DIP-22799N,DIP-29040N
DIP-723N,DIP-626N
DIP-778N,DIP-239N
DIP-722N,DIP-627N
DIP-627N,DIP-627N
DIP-46503N,DIP-23412N
DIP-721N,DIP-626N
DIP-721N,DIP-723N
DIP-356N,DIP-356N
DIP-29330N,DIP-29329N
DIP-18944N,DIP-19476N
DIP-29769N,DIP-46062N
DIP-19823N,DIP-20846N
DIP-27953N,DIP-17429N
DIP-29510N,DIP-18982N
DIP-44081N,DIP-38722N
DIP-27770N,DIP-27779N
DIP-29421N,DIP-19302N
DIP-46201N,DIP-46202N
DIP-20484N,DIP-29174N
DIP-641N,DIP-929N
DIP-17516N,DIP-19865N
DIP-46286N,DIP-46285N
DIP-5N,DIP-1139N
DIP-626N,DIP-722N
DIP-102N,DIP-648N
DIP-29511N,DIP-29512N
DIP-627N,DIP-723N
DIP-18752N,DIP-27861N
DIP-17668N,DIP-634N
DIP-18589N,DIP-17554N
DIP-387N,DIP-388N
DIP-723N,DIP-722N
DIP-23028N,DIP-46082N
DIP-19297N,DIP-19300N
DIP-23416N,DIP-28047N
DIP-626N,DIP-627N
DIP-20769N,DIP-17087N
DIP-18640N,DIP-17389N
DIP-23541N,DIP-21625N
DIP-22572N,DIP-492N
DIP-36N,DIP-237N
DIP-626N,DIP-751N
DIP-19414N,DIP-20444N
DIP-23878N,DIP-27772N
DIP-158N,DIP-788N
DIP-27622N,DIP-27623N
DIP-29510N,DIP-29511N
DIP-19890N,DIP-21021N
DIP-27873N,DIP-21393N
DIP-721N,DIP-751N
DIP-27883N,DIP-18565N
DIP-29418N,DIP-19302N
DIP-46049N,DIP-46048N
DIP-526N,DIP-769N
DIP-645N,DIP-927N
DIP-751N,DIP-723N
DIP-18982N,DIP-29512N
DIP-19199N,DIP-17879N
DIP-22786N,DIP-18362N
DIP-27882N,DIP-27768N
DIP-368N,DIP-772N
DIP-23734N,DIP-18144N
DIP-721N,DIP-627N
DIP-18461N,DIP-18462N
DIP-29198N,DIP-29197N
DIP-18186N,DIP-18323N
DIP-29989N,DIP-29988N
DIP-722N,DIP-721N
DIP-17914N,DIP-17601N
DIP-18476N,DIP-20212N
DIP-20694N,DIP-19295N
DIP-18183N,DIP-23867N
DIP-19986N,DIP-27850N
DIP-29736N,DIP-29737N
DIP-29425N,DIP-29424N
DIP-29101N,DIP-29100N
DIP-46433N,DIP-151N
DIP-27981N,DIP-18940N
